id,day,month,year,date,location,OSGridRef,latitude,longitude,Nation,comments
1,2,Aug,1100,2-8-1100,Winchester,SU4779329466,51.062549,-1.3193687,England,N/A
2,3,Aug,1100,3-8-1100,Winchester,SU4779329466,51.062549,-1.3193687,England,N/A
3,4,Aug,1100,4-8-1100,London,TQ3248081340,51.515457,-0.092140265,England,N/A
4,5,Aug,1100,5-8-1100,Westminster,TQ3016079670,51.500988,-0.12617168,England,(coronation)
5,14,Sept,1100,14-9-1100,Westminster,TQ3016079670,51.500988,-0.12617168,England,N/A
6,29,Sept,1100,29-9-1100,Salisbury,SU1428229527,51.064904,-1.7975682,England,N/A
7,,c Oct,1100,1100,Marlborough,SU1887169033,51.42,-1.73,England,N/A
8,1,Nov,1100,1-11-1100,Faritius appointed to Abingdon,,,,,
9,11,Nov,1100,11-11-1100,Westminster,TQ3016079670,51.500988,-0.12617168,England,(marriage)
10,2,Dec,1100,2-12-1100,Newnham-on-Severn,SO6906811691,51.803,-2.45,England,N/A
11,25,Dec,1100,25-12-1100,Westminster,TQ3016079670,51.500988,-0.12617168,England,N/A
12,10,Mar,1101,10-3-1101,Dover,TR3161341898,51.1295,1.3089,England,N/A
13,12,Mar,1101,12-3-1101,Rochester,TQ7414268559,51.389355,0.50145239,England,N/A
14,21,Apr,1101,21-4-1101,Winchester,SU4779329466,51.062549,-1.3193687,England,N/A
15,9,June,1101,9-6-1101,St Albans,TL1480007300,51.752638,-0.33830962,England,N/A
16,24,June,1101,24-6-1101,Pevensey,TQ6480304912,50.8203,0.3383,England,N/A
17,31,July,1101,31-7-1101,Winchester,SU4779329466,51.062549,-1.3193687,England,N/A
18,3,Sept,1101,3-9-1101,Windsor,SU9683776912,51.482886,-0.60683638,England,N/A
19,,c Oct,1101,1101,Winchester,SU4779329466,51.062549,-1.3193687,England,N/A
20,25,Dec,1101,25-12-1101,Westminster,TQ3016079670,51.500988,-0.12617168,England,N/A
21,8,Feb,1102,8-2-1102,Westbury,ST8676951222,51.26,-2.191,England,N/A
22,6,Apr,1102,6-4-1102,Winchester,SU4779329466,51.062549,-1.3193687,England,N/A
23,25,May,1102,25-5-1102,Westminster,TQ3016079670,51.500988,-0.12617168,England,N/A
24,,c June,1102,1102,Arundel,TQ0188707093,50.85439,-0.5539,England,N/A
25,,c July,1102,1102,Bridgenorth,SO7164293098,52.535,-2.4195,England,N/A
26,,c July-Aug,1102,1102,Blyth (Notts),SK6251187104,53.3771,-1.0618,England,N/A
27,,c July-Aug,1102,1102,Tickhill,SK5900092999,53.43049,-1.11348,England,N/A
28,29,Sept,1102,29-9-1102,Westminster,TQ3016079670,51.500988,-0.12617168,England,N/A
29,25,Dec,1102,25-12-1102,Westminster,TQ3016079670,51.500988,-0.12617168,England,N/A
30,13,Jan,1103,13-1-1103,Salisbury,SU1428229527,51.064904,-1.7975682,England,N/A
31,c 8 Mar,,1103,c 8 Mar--1103,Canterbury,TR1454057430,51.275608,1.0745524,England,N/A
32,29,Mar,1103,29-3-1103,Winchester,SU4779329466,51.062549,-1.3193687,England,N/A
33,17,May,1103,17-5-1103,Windsor,SU9683776912,51.482886,-0.60683638,England,N/A
34,24,May,1103,24-5-1103,Windsor,SU9683776912,51.482886,-0.60683638,England,N/A
35,25,Dec,1103,25-12-1103,Westminster,TQ3016079670,51.500988,-0.12617168,England,N/A
36,17,Apr,1104,17-4-1104,Winchester,SU4779329466,51.062549,-1.3193687,England,N/A
37,5,June,1104,5-6-1104,Westminster,TQ3016079670,51.500988,-0.12617168,England,N/A
38,4 Aug-c Dec,,1104,4 Aug-c Dec--1104,Normandy,,48.88,0.17,France,N/A
39,25,Dec,1104,25-12-1104,Windsor,SU9683776912,51.482886,-0.60683638,England,N/A
40,13,Feb,1105,13-2-1105,Romsey,SU3542921187,50.989,-1.4966,England,N/A
41,2,Apr,1105,2-4-1105,Barfleur,,49.6711,-1.2633,France,N/A
42,3,Apr,1105,3-4-1105,Barfleur,,49.6711,-1.2633,France,N/A
43,4,Apr,1105,4-4-1105,Barfleur,,49.6711,-1.2633,France,N/A
44,5,Apr,1105,5-4-1105,Barfleur,,49.6711,-1.2633,France,N/A
45,6,Apr,1105,6-4-1105,Barfleur,,49.6711,-1.2633,France,N/A
46,7,Apr,1105,7-4-1105,Barfleur,,49.6711,-1.2633,France,N/A
47,8,Apr,1105,8-4-1105,Barfleur,,49.6711,-1.2633,France,N/A
48,8,Apr,1105,8-4-1105,Carentan,,49.3,-1.25,France,N/A
49,9,Apr,1105,9-4-1105,Carentan,,49.3,-1.25,France,N/A
50,13,Apr,1105,13-4-1105,Bayeux,,49.2794,-0.7028,France,N/A
51,13,Apr,1105,13-4-1105,Caen,,49.18,-0.37,France,N/A
52,13,Apr,1105,13-4-1105,Falaise,,48.897222,-0.1975,France,N/A
53,28,May,1105,28-5-1105,Cintheaux,,49.0561,-0.2908,France,N/A
54,29,May,1105,29-5-1105,Cintheaux,,49.0561,-0.2908,France,N/A
55,30,May,1105,30-5-1105,Cintheaux,,49.0561,-0.2908,France,N/A
56,31,May,1105,31-5-1105,Cintheaux,,49.0561,-0.2908,France,N/A
57,1,June,1105,1-6-1105,Cintheaux,,49.0561,-0.2908,France,N/A
58,2,June,1105,2-6-1105,Cintheaux,,49.0561,-0.2908,France,N/A
59,3,June,1105,3-6-1105,Cintheaux,,49.0561,-0.2908,France,N/A
60,22,July,1105,22-7-1105,Laigle,,48.77,0.63,France,N/A
61,,Aug,1105,8-1105,(Return to England),,,,,
62,29,Aug,1105,29-8-1105,St Albans,TL1480007300,51.752638,-0.33830962,England,N/A
63,,c Oct,1105,1105,Pontefract,SE4566021995,53.692413,-1.3100074,England,N/A
64,18,Oct,1105,18-10-1105,Cornbury,,,,France,
65,25,Dec,1105,25-12-1105,Westminster,TQ3016079670,51.500988,-0.12617168,England,N/A
66,1,Feb,1106,1-2-1106,Northampton,SP7549060562,52.238083,-0.89592755,England,N/A
67,2,Feb,1106,2-2-1106,Northampton,SP7549060562,52.238083,-0.89592755,England,N/A
68,3,Feb,1106,3-2-1106,Northampton,SP7549060562,52.238083,-0.89592755,England,N/A
69,4,Feb,1106,4-2-1106,Northampton,SP7549060562,52.238083,-0.89592755,England,N/A
70,5,Feb,1106,5-2-1106,Northampton,SP7549060562,52.238083,-0.89592755,England,N/A
71,6,Feb,1106,6-2-1106,Northampton,SP7549060562,52.238083,-0.89592755,England,N/A
72,7,Feb,1106,7-2-1106,Northampton,SP7549060562,52.238083,-0.89592755,England,N/A
73,25,Mar,1106,25-3-1106,Bath,ST7509364923,51.382803,-2.3592852,England,N/A
74,23,Apr,1106,23-4-1106,Tonbridge,TQ 59143 46849,51.1987,0.2764,England,N/A
75,13,May,1106,13-5-1106,Salisbury,SU1428229527,51.064904,-1.7975682,England,N/A
76,1,Aug,1106,1-8-1106,Normandy,,48.88,0.17,France,"Appears as ""a 1 Aug"""
77,15,Aug,1106,15-8-1106,Bec,,49.2288,0.722,France,N/A
78,,Aug—Sept,1106,1106,Saint-Pierre-sur-Dives,,49.02,-0.03,France,N/A
79,28,Sept,1106,28-9-1106,Tinchebrai,SU1428229527,51.064903,-1.7975624,England,N/A
80,,Oct,1106,1106,Falaise,,48.897222,-0.1975,France,N/A
81,,Oct,1106,1106,Rouen,,49.442778,1.088611,France,N/A
82,c 15 Oct,,1106,c 15 Oct 1106,Lisieux,,49.15,0.23,France,N/A
83,7,Nov,1106,7-11-1106,Rouen,,49.442778,1.088611,France,N/A
84,30,Nov,1106,30-11-1106,Rouen,,49.442778,1.088611,France,N/A
85,,Jan,1107,1-1107,Falaise,,48.897222,-0.1975,France,N/A
86,,Mar,1107,3-1107,Lisieux,,49.15,0.23,France,N/A
87,,Mar-Apr,1107,1107,(Return to England),,,,,
88,14,Apr,1107,14-4-1107,Windsor,SU9683776912,51.482886,-0.60683638,England,N/A
89,2,June,1107,2-6-1107,Westminster,TQ3016079670,51.500988,-0.12617168,England,N/A
90,1,Aug,1107,1-8-1107,London,TQ3248081340,51.515457,-0.092140265,England,N/A
91,25,Dec,1107,25-12-1107,Westminster,TQ3016079670,51.500988,-0.12617168,England,N/A
92,5,Apr,1108,5-4-1108,Winchester,SU4779329466,51.062549,-1.3193687,England,N/A
93,24,May,1108,24-5-1108,London,TQ3248081340,51.515457,-0.092140265,England,N/A
94,,July,1108,7-1108,Portsmouth,SU6441401094,50.805833,-1.087222,England,near Portsmouth (crossing to France)
95,25,Dec,1108,25-12-1108,Normandy,,48.88,0.17,France,N/A
96,,Mar,1109,3-1109,Gisors,,49.2811,1.7772,France,N/A
97,,Mar,1109,3-1109,Neautfles,,49.2781,1.7239,France,N/A
98,25,Apr,1109,25-4-1109,Normandy,,48.88,0.17,France,N/A
99,31 May-2 June,,1109,31 May-2 June 1109,(Return to England),,,,,
100,13,June,1109,13-6-1109,Westminster,TQ3016079670,51.500988,-0.12617168,England,N/A
101,17,Oct,1109,17-10-1109,Nottingham,SK5700040000,52.954357,-1.1530111,England,N/A
102,25,Dec,1109,25-12-1109,Westminster,TQ3016079670,51.500988,-0.12617168,England,N/A
103,10,Apr,1110,10-4-1110,Marlborough,SU1887169033,51.42,-1.73,England,N/A
104,17,May,1110,17-5-1110,Dover,TR3161341898,51.1295,1.3089,England,N/A
105,29,May,1110,29-5-1110,New Windsor,SU9666076488,51.4791,-0.6095,England,N/A
106,5,July,1110,5-7-1110,Stamford,TF0282607016,52.651142,-0.48146188,England,N/A
107,25,Dec,1110,25-12-1110,(No ceremony),,,,,
108,2,Apr,1111,2-4-1111,(No ceremony),,,,,
109,21,May,1111,21-5-1111,(No ceremony),,,,,
110,8,Aug,1111,8-8-1111,Bishop's Waltham,SU5546017425,50.9536,-1.2118,England,N/A
111,,Aug,1111,8-1111,(Crossing to Normandy),,,,,
112,13,Aug,1111,13-8-1111,Portsmouth,SU6441401094,50.805833,-1.087222,England,N/A
113,4,Nov,1112,4-11-1112,Bonneville-sur-Touques,,49.3389,0.1206,France,N/A
114,2,Feb,1113,2-2-1113,Saint-Evroult-en-Ouche,,48.790556,0.463889,France,N/A
115,3,Feb,1113,3-2-1113,Saint-Evroult-en-Ouche,,48.790556,0.463889,France,N/A
116,23,Mar,1113,23-3-1113,Ormeteau-Ferré,,,,France,(near Gisors)
117,24,Mar,1113,24-3-1113,Ormeteau-Ferré,,,,France,(near Gisors)
118,25,Mar,1113,25-3-1113,Ormeteau-Ferré,,,,France,(near Gisors)
119,26,Mar,1113,26-3-1113,Ormeteau-Ferré,,,,France,(near Gisors)
120,27,Mar,1113,27-3-1113,Ormeteau-Ferré,,,,France,(near Gisors)
121,28,Mar,1113,28-3-1113,Ormeteau-Ferré,,,,France,(near Gisors)
122,29,Mar,1113,29-3-1113,Ormeteau-Ferré,,,,France,(near Gisors)
123,1,May,1113,1-5-1113,Bellême,,48.3772,0.5614,France,N/A
124,2,May,1113,2-5-1113,Bellême,,48.3772,0.5614,France,N/A
125,3,May,1113,3-5-1113,Bellême,,48.3772,0.5614,France,N/A
126,25,May,1113,25-5-1113,Normandy,,48.88,0.17,France,N/A
127,,July,1113,7-1113,(Return to England),,,,,
128,25,Dec,1113,25-12-1113,Windsor,SU9683776912,51.482886,-0.60683638,England,N/A
129,29,Mar,1114,29-3-1114,(No ceremony),,,,,
130,26,Apr,1114,26-4-1114,Windsor,SU9683776912,51.482886,-0.60683638,England,(Council)
131,,May-June,1114,1114,(Welsh campaign),,,,,
132,15,Aug,1114,15-8-1114,Winchester,SU4779329466,51.062549,-1.3193687,England,N/A
133,13,Sept,1114,13-9-1114,Westbourne,SZ0729791046,50.719,-1.898,England,N/A
134,15,Sept,1114,15-9-1114,Westbourne,SZ0729791046,50.719,-1.898,England,N/A
135,21,Sept,1114,21-9-1114,Rowner,SU5813802819,50.822,-1.176,England,N/A
136,21,Sept,1114,21-9-1114,Portsmouth,SU6441401094,50.805833,-1.087222,England,Portsmouth (crossing to Normandy)
137,25,Dec,1114,25-12-1114,Normandy,,48.88,0.17,France,N/A
138,,July,1115,7-1115,(Return to England),,,,,
139,16,Sept,1115,16-9-1115,Westminster,TQ3016079670,51.500988,-0.12617168,England,N/A
140,17,Sept,1115,17-9-1115,Westminster,TQ3016079670,51.500988,-0.12617168,England,N/A
141,18,Sept,1115,18-9-1115,Westminster,TQ3016079670,51.500988,-0.12617168,England,N/A
142,19,Sept,1115,19-9-1115,Westminster,TQ3016079670,51.500988,-0.12617168,England,N/A
143,25,Nov,1115,25-11-1115,St Albans,TL1480007300,51.752638,-0.33830962,England,Appears as 25-8 Dec
144,26,Nov,1115,26-11-1115,St Albans,TL1480007300,51.752638,-0.33830962,England,Appears as 25-8 Dec
145,27,Nov,1115,27-11-1115,St Albans,TL1480007300,51.752638,-0.33830962,England,Appears as 25-8 Dec
146,28,Nov,1115,28-11-1115,St Albans,TL1480007300,51.752638,-0.33830962,England,Appears as 25-8 Dec
147,29,Nov,1115,29-11-1115,St Albans,TL1480007300,51.752638,-0.33830962,England,Appears as 25-8 Dec
148,30,Nov,1115,30-11-1115,St Albans,TL1480007300,51.752638,-0.33830962,England,Appears as 25-8 Dec
149,1,Dec,1115,1-12-1115,St Albans,TL1480007300,51.752638,-0.33830962,England,Appears as 25-8 Dec
150,2,Dec,1115,2-12-1115,St Albans,TL1480007300,51.752638,-0.33830962,England,Appears as 25-8 Dec
151,3,Dec,1115,3-12-1115,St Albans,TL1480007300,51.752638,-0.33830962,England,Appears as 25-8 Dec
152,4,Dec,1115,4-12-1115,St Albans,TL1480007300,51.752638,-0.33830962,England,Appears as 25-8 Dec
153,5,Dec,1115,5-12-1115,St Albans,TL1480007300,51.752638,-0.33830962,England,Appears as 25-8 Dec
154,6,Dec,1115,6-12-1115,St Albans,TL1480007300,51.752638,-0.33830962,England,Appears as 25-8 Dec
155,7,Dec,1115,7-12-1115,St Albans,TL1480007300,51.752638,-0.33830962,England,Appears as 25-8 Dec
156,8,Dec,1115,8-12-1115,St Albans,TL1480007300,51.752638,-0.33830962,England,Appears as 25-8 Dec
157,2,Feb,1116,2-2-1116,Windsor,SU9683776912,51.482886,-0.60683638,England,N/A
158,19,Mar,1116,19-3-1116,Salisbury,SU1428229527,51.064904,-1.7975682,England,N/A
159,2,Apr,1116,2-4-1116,Odiham,SU7410151081,51.25409,-0.93957,England,N/A
160,,Apr,1116,4-1116,(Crossing to Normandy),,,,,
161,8,Sept,1116,8-9-1116,Rouen,,49.442778,1.088611,France,N/A
162,,June-July,1117,1117,Rouen,,49.442778,1.088611,France,N/A
163,,Feb,1118,2-1118,Saint-Clair-sur-Epte,,49.2081,1.6803,France,N/A
164,,July-Avg,1118,1118,Saint-Clair-sur-Epte,,49.2081,1.6803,France,N/A
165,23,July,1118,23-7-1118,Alençon,,48.4306,0.0931,France,N/A
166,24,July,1118,24-7-1118,Alençon,,48.4306,0.0931,France,N/A
167,25,July,1118,25-7-1118,Alençon,,48.4306,0.0931,France,N/A
168,26,July,1118,26-7-1118,Alençon,,48.4306,0.0931,France,N/A
169,27,July,1118,27-7-1118,Alençon,,48.4306,0.0931,France,N/A
170,28,July,1118,28-7-1118,Alençon,,48.4306,0.0931,France,N/A
171,29,July,1118,29-7-1118,Alençon,,48.4306,0.0931,France,N/A
172,30,July,1118,30-7-1118,Alençon,,48.4306,0.0931,France,N/A
173,31,July,1118,31-7-1118,Alençon,,48.4306,0.0931,France,N/A
174,7,Sept,1118,7-9-1118,Laigle,,48.77,0.63,France,N/A
175,8,Sept,1118,8-9-1118,Laigle,,48.77,0.63,France,N/A
176,,Sept,1118,9-1118,Livet,,48.1086,-0.4603,France,N/A
177,,Sept,1118,9-1118,Rouen,,49.442778,1.088611,France,N/A
178,,Sept,1118,9-1118,Neubourg,,49.149,0.904,France,N/A
179,,Sept,1118,9-1118,Arques,,49.8817,1.1269,France,N/A
180,,Sept,1118,9-1118,Bures,,48.5639,0.4022,France,N/A
181,7,Oct,1118,7-10-1118,Rouen,,49.442778,1.088611,France,N/A
182,,Oct-Nov,1118,1118,Near Évreux,,49.02,1.15,France,N/A
183,,,1118,1118,Laigle,,48.77,0.63,France,N/A
184,,Dec,1118,12-1118,Near Alençon,,48.4306,0.0931,France,N/A
185,16,Feb,1119,16-2-1119,Bréteuil,,48.8369,0.9147,France,N/A
186,17,Feb,1119,17-2-1119,Bréteuil,,48.8369,0.9147,France,N/A
187,18,Feb,1119,18-2-1119,Bréteuil,,48.8369,0.9147,France,N/A
188,19,Feb,1119,19-2-1119,Bréteuil,,48.8369,0.9147,France,N/A
189,20,Feb,1119,20-2-1119,Bréteuil,,48.8369,0.9147,France,N/A
190,21,Feb,1119,21-2-1119,Bréteuil,,48.8369,0.9147,France,N/A
191,22,Feb,1119,22-2-1119,Bréteuil,,48.8369,0.9147,France,N/A
192,,,1119,1119,Falaise,,48.897222,-0.1975,France,N/A
193,,Feb-Mar,1119,1119,Noyon (Eure),,49.3717,1.3839,France,N/A
194,17,May,1119,17-5-1119,La-Ferté-Fresnel,,48.8422,0.5117,France,"appears as ""p 17 May"""
195,,June,1119,6-1119,Lisieux,,49.15,0.23,France,N/A
196,,July,1119,7-1119,Pont-Saint-Pierre,,49.3361,1.2758,France,N/A
197,,July,1119,7-1119,Évreux,,49.02,1.15,France,N/A
198,20,Aug,1119,20-8-1119,Noyon,,49.5817,2.9997,France,(battle of La-Brémule)
199,17,Sept,1119,17-9-1119,Bréteuil,,48.8369,0.9147,France,N/A
200,18,Sept,1119,18-9-1119,Bréteuil,,48.8369,0.9147,France,N/A
201,19,Sept,1119,19-9-1119,Bréteuil,,48.8369,0.9147,France,N/A
202,20,Sept,1119,20-9-1119,Bréteuil,,48.8369,0.9147,France,N/A
203,21,Sept,1119,21-9-1119,Bréteuil,,48.8369,0.9147,France,N/A
204,22,Sept,1119,22-9-1119,Bréteuil,,48.8369,0.9147,France,N/A
205,23,Sept,1119,23-9-1119,Bréteuil,,48.8369,0.9147,France,N/A
206,24,Sept,1119,24-9-1119,Bréteuil,,48.8369,0.9147,France,N/A
207,,,1119,1119,Glos-la-Ferriére,,48.8578,0.6019,France,N/A
208,,,1119,1119,Lyre,,48.9186,0.7508,England,N/A
209,,,1119,1119,Rouen,,49.442778,1.088611,France,N/A
210,,Oct,1119,10-1119,Évreux,,49.02,1.15,France,N/A
211,,Oct,1119,10-1119,Vieux-Rouen,,49.8347,1.7211,France,N/A
212,20,Nov,1119,20-11-1119,Gisors,,49.2811,1.7772,France,N/A
213,21,Nov,1119,21-11-1119,Gisors,,49.2811,1.7772,France,N/A
214,22,Nov,1119,22-11-1119,Gisors,,49.2811,1.7772,France,N/A
215,23,Nov,1119,23-11-1119,Gisors,,49.2811,1.7772,France,N/A
216,24,Nov,1119,24-11-1119,Gisors,,49.2811,1.7772,France,N/A
217,25,Nov,1119,25-11-1119,Gisors,,49.2811,1.7772,France,N/A
218,26,Nov,1119,26-11-1119,Gisors,,49.2811,1.7772,France,N/A
219,27,Nov,1119,27-11-1119,Gisors,,49.2811,1.7772,France,N/A
220,25,Dec,1119,25-12-1119,Bayeux,,49.2794,-0.7028,France,N/A
221,3,Mar,1120,3-3-1120,Arganchy,,49.2367,-0.7406,France,N/A
222,4,Mar,1120,4-3-1120,Arganchy,,49.2367,-0.7406,France,N/A
223,5,Mar,1120,5-3-1120,Arganchy,,49.2367,-0.7406,France,N/A
224,6,Mar,1120,6-3-1120,Arganchy,,49.2367,-0.7406,France,N/A
225,7,Mar,1120,7-3-1120,Arganchy,,49.2367,-0.7406,France,N/A
226,8,Mar,1120,8-3-1120,Arganchy,,49.2367,-0.7406,France,N/A
227,9,Mar,1120,9-3-1120,Arganchy,,49.2367,-0.7406,France,N/A
228,10,Mar,1120,10-3-1120,Arganchy,,49.2367,-0.7406,France,N/A
229,11,Mar,1120,11-3-1120,Arganchy,,49.2367,-0.7406,France,N/A
230,12,Mar,1120,12-3-1120,Arganchy,,49.2367,-0.7406,France,N/A
231,13,Mar,1120,13-3-1120,Arganchy,,49.2367,-0.7406,France,N/A
232,14,Mar,1120,14-3-1120,Arganchy,,49.2367,-0.7406,France,N/A
233,15,Mar,1120,15-3-1120,Arganchy,,49.2367,-0.7406,France,N/A
234,16,Mar,1120,16-3-1120,Arganchy,,49.2367,-0.7406,France,N/A
235,17,Mar,1120,17-3-1120,Arganchy,,49.2367,-0.7406,France,N/A
236,18,Mar,1120,18-3-1120,Arganchy,,49.2367,-0.7406,France,N/A
237,19,Mar,1120,19-3-1120,Arganchy,,49.2367,-0.7406,France,N/A
238,20,Mar,1120,20-3-1120,Arganchy,,49.2367,-0.7406,France,N/A
239,21,Mar,1120,21-3-1120,Arganchy,,49.2367,-0.7406,France,N/A
240,22,Mar,1120,22-3-1120,Arganchy,,49.2367,-0.7406,France,N/A
241,23,Mar,1120,23-3-1120,Arganchy,,49.2367,-0.7406,France,N/A
242,24,Mar,1120,24-3-1120,Arganchy,,49.2367,-0.7406,France,N/A
243,25,Mar,1120,25-3-1120,Arganchy,,49.2367,-0.7406,France,N/A
244,26,Mar,1120,26-3-1120,Arganchy,,49.2367,-0.7406,France,N/A
245,27,Mar,1120,27-3-1120,Arganchy,,49.2367,-0.7406,France,N/A
246,28,Mar,1120,28-3-1120,Arganchy,,49.2367,-0.7406,France,N/A
247,29,Mar,1120,29-3-1120,Arganchy,,49.2367,-0.7406,France,N/A
248,30,Mar,1120,30-3-1120,Arganchy,,49.2367,-0.7406,France,N/A
249,31,Mar,1120,31-3-1120,Arganchy,,49.2367,-0.7406,France,N/A
250,1,Apr,1120,1-4-1120,Arganchy,,49.2367,-0.7406,France,N/A
251,2,Apr,1120,2-4-1120,Arganchy,,49.2367,-0.7406,France,N/A
252,3,Apr,1120,3-4-1120,Arganchy,,49.2367,-0.7406,France,N/A
253,4,Apr,1120,4-4-1120,Arganchy,,49.2367,-0.7406,France,N/A
254,5,Apr,1120,5-4-1120,Arganchy,,49.2367,-0.7406,France,N/A
255,6,Apr,1120,6-4-1120,Arganchy,,49.2367,-0.7406,France,N/A
256,7,Apr,1120,7-4-1120,Arganchy,,49.2367,-0.7406,France,N/A
257,8,Apr,1120,8-4-1120,Arganchy,,49.2367,-0.7406,France,N/A
258,9,Apr,1120,9-4-1120,Arganchy,,49.2367,-0.7406,France,N/A
259,10,Apr,1120,10-4-1120,Arganchy,,49.2367,-0.7406,France,N/A
260,11,Apr,1120,11-4-1120,Arganchy,,49.2367,-0.7406,France,N/A
261,12,Apr,1120,12-4-1120,Arganchy,,49.2367,-0.7406,France,N/A
262,13,Apr,1120,13-4-1120,Arganchy,,49.2367,-0.7406,France,N/A
263,14,Apr,1120,14-4-1120,Arganchy,,49.2367,-0.7406,France,N/A
264,15,Apr,1120,15-4-1120,Arganchy,,49.2367,-0.7406,France,N/A
265,16,Apr,1120,16-4-1120,Arganchy,,49.2367,-0.7406,France,N/A
266,17,Apr,1120,17-4-1120,Arganchy,,49.2367,-0.7406,France,N/A
267,30,May,1120,30-5-1120,Vernon,,49.09,1.49,France,"Appears as ""Vernon (?)"""
268,,Oct,1120,10-1120,Gisors,,49.2811,1.7772,France,N/A
269,21,Nov,1120,21-11-1120,Barfleur,,49.6711,-1.2633,France,N/A
270,25,Nov,1120,25-11-1120,Barfleur,,49.6711,-1.2633,France,(crossing to England The White Ship)
271,25,Dec,1120,25-12-1120,Brampton,TL2134570670,52.32073,-0.22107536,England,N/A
272,6,Jan,1121,6-1-1121,London,TQ3248081340,51.515457,-0.092140265,England,N/A
273,7,Jan,1121,7-1-1121,Westminster,TQ3016079670,51.500988,-0.12617168,England,N/A
274,29,Jan,1121,29-1-1121,Windsor,SU9683776912,51.482886,-0.60683638,England,N/A
275,30,Jan,1121,30-1-1121,Windsor,SU9683776912,51.482886,-0.60683638,England,N/A
276,,Feb,1121,2-1121,Winchester,SU4779329466,51.062549,-1.3193687,England,N/A
277,13,Mar,1121,13-3-1121,Abingdon,SU4968596712,51.667,-1.283,England,N/A
278,10,Apr,1121,10-4-1121,Berkeley,ST6836999238,51.691,-2.459,England,N/A
279,,Apr-May,1121,1121,Winchester,SU4779329466,51.062549,-1.3193687,England,N/A
280,29,May,1121,29-5-1121,Westminster,TQ3016079670,51.500988,-0.12617168,England,N/A
281,,June,1121,6-1121,(Welsh campaign),,,,,
282,25,Dec,1121,25-12-1121,Norwich,TG2322108686,52.63,1.297,England,N/A
283,26,Mar,1122,26-3-1122,Northampton,SP7549060562,52.238083,-0.89592755,England,N/A
284,14,May,1122,14-5-1122,Windsor,SU9683776912,51.482886,-0.60683638,England,N/A
285,15,May,1122,15-5-1122,Windsor,SU9683776912,51.482886,-0.60683638,England,N/A
286,16,May,1122,16-5-1122,Westminster,TQ3016079670,51.500988,-0.12617168,England,N/A
287,17,May,1122,17-5-1122,Westminster,TQ3016079670,51.500988,-0.12617168,England,N/A
288,18,May,1122,18-5-1122,Westminster,TQ3016079670,51.500988,-0.12617168,England,N/A
289,19,May,1122,19-5-1122,Westminster,TQ3016079670,51.500988,-0.12617168,England,N/A
290,20,May,1122,20-5-1122,Westminster,TQ3016079670,51.500988,-0.12617168,England,N/A
291,21,May,1122,21-5-1122,Kent,TQ8872947996,51.2,0.7,England,"Appears as ""Into Kent"""
292,,Oct,1122,10-1122,York,SE6030051700,53.957883,-1.0825156,England,N/A
293,,Oct,1122,10-1122,Durham,NZ2736642283,54.774722,-1.576111,England,N/A
294,25,Dec,1122,25-12-1122,Dunstable,TL0188821864,51.88603,-0.52102,England,N/A
295,1,Jan,1123,1-1-1123,Berkhamstead,SP9937607724,51.759399,-0.56154726,England,N/A
296,10,Jan,1123,10-1-1123,Woodstock,SP4400016000,51.840878,-1.362755,England,N/A
297,2,Feb,1123,2-2-1123,Gloucester,SO8320018600,51.865722,-2.2453868,England,N/A
298,3,Feb,1123,3-2-1123,Gloucester,SO8320018600,51.865722,-2.2453868,England,N/A
299,4,Feb,1123,4-2-1123,Gloucester,SO8320018600,51.865722,-2.2453868,England,N/A
300,25,Mar,1123,25-3-1123,Woodstock,SP4400016000,51.840878,-1.362755,England,N/A
301,15,Apr,1123,15-4-1123,Winchester,SU4779329466,51.062549,-1.3193687,England,N/A
302,3,June,1123,3-6-1123,Portsmouth,SU6441401094,50.805833,-1.087222,England,N/A
303,4,June,1123,4-6-1123,Portsmouth,SU6441401094,50.805833,-1.087222,England,N/A
304,5,June,1123,5-6-1123,Portsmouth,SU6441401094,50.805833,-1.087222,England,N/A
305,6,June,1123,6-6-1123,Portsmouth,SU6441401094,50.805833,-1.087222,England,N/A
306,7,June,1123,7-6-1123,Portsmouth,SU6441401094,50.805833,-1.087222,England,N/A
307,8,June,1123,8-6-1123,Portsmouth,SU6441401094,50.805833,-1.087222,England,N/A
308,9,June,1123,9-6-1123,Portsmouth,SU6441401094,50.805833,-1.087222,England,N/A
309,10,June,1123,10-6-1123,Portsmouth,SU6441401094,50.805833,-1.087222,England,N/A
310,11,June,1123,11-6-1123,(Crossing to Normandy),,,,,
311,,Oct,1123,10-1123,Rouen,,49.442778,1.088611,France,N/A
312,,Oct-Nov,1123,Oct-Nov-1123,Pont-Audemer,,49.36,0.51,France,N/A
313,25,Mar,1124,25-3-1124,Caen,,49.18,-0.37,France,N/A
314,6,Apr,1124,6-4-1124,Rouen,,49.442778,1.088611,France,"Appears as ""p 6 Apr"""
315,15,Apr,1124,15-4-1124,Bec,,49.2288,0.722,France,N/A
316,16,Apr,1124,16-4-1124,Bec,,49.2288,0.722,France,N/A
317,,Apr,1124,4-1124,Brionne,,49.1956,0.7211,France,N/A
318,18,May,1124,18-5-1124,Rouen,,49.442778,1.088611,France,N/A
319,,,1125,12-1125,Normandy,,48.88,0.17,France,N/A
320,23,Mar,1126,23-3-1126,Sées,,48.6053,0.1719,France,N/A
321,,Mar,1126,-3-1126,Rouen,,49.442778,1.088611,France,N/A
322,11,Sept,1126,11-9-1126,Dieppe,,49.92,1.08,France,(return to England)
323,25,Dec,1126,25-12-1126,Windsor,SU9683776912,51.482886,-0.60683638,England,N/A
324,30,Dec,1126,30-12-1126,London,TQ3248081340,51.515457,-0.092140265,England,N/A
325,,Jan,1127,1-1127,Winchester,SU4779329466,51.062549,-1.3193687,England,N/A
326,16,Feb,1127,16-2-1127,Woodstock,SP4400016000,51.840878,-1.362755,England,N/A
327,17,Feb,1127,17-2-1127,Woodstock,SP4400016000,51.840878,-1.362755,England,N/A
328,18,Feb,1127,18-2-1127,Woodstock,SP4400016000,51.840878,-1.362755,England,N/A
329,19,Feb,1127,19-2-1127,Woodstock,SP4400016000,51.840878,-1.362755,England,N/A
330,20,Feb,1127,20-2-1127,Woodstock,SP4400016000,51.840878,-1.362755,England,N/A
331,21,Feb,1127,21-2-1127,Woodstock,SP4400016000,51.840878,-1.362755,England,N/A
332,22,Feb,1127,22-2-1127,Woodstock,SP4400016000,51.840878,-1.362755,England,N/A
333,23,Feb,1127,23-2-1127,Woodstock,SP4400016000,51.840878,-1.362755,England,N/A
334,24,Feb,1127,24-2-1127,Woodstock,SP4400016000,51.840878,-1.362755,England,N/A
335,25,Feb,1127,25-2-1127,Woodstock,SP4400016000,51.840878,-1.362755,England,N/A
336,26,Feb,1127,26-2-1127,Woodstock,SP4400016000,51.840878,-1.362755,England,N/A
337,27,Feb,1127,27-2-1127,Woodstock,SP4400016000,51.840878,-1.362755,England,N/A
338,28,Feb,1127,28-2-1127,Woodstock,SP4400016000,51.840878,-1.362755,England,N/A
339,1,Mar,1127,1-3-1127,Woodstock,SP4400016000,51.840878,-1.362755,England,N/A
340,2,Mar,1127,2-3-1127,Woodstock,SP4400016000,51.840878,-1.362755,England,N/A
341,3,Mar,1127,3-3-1127,Woodstock,SP4400016000,51.840878,-1.362755,England,N/A
342,4,Mar,1127,4-3-1127,Woodstock,SP4400016000,51.840878,-1.362755,England,N/A
343,5,Mar,1127,5-3-1127,Woodstock,SP4400016000,51.840878,-1.362755,England,N/A
344,6,Mar,1127,6-3-1127,Woodstock,SP4400016000,51.840878,-1.362755,England,N/A
345,7,Mar,1127,7-3-1127,Woodstock,SP4400016000,51.840878,-1.362755,England,N/A
346,8,Mar,1127,8-3-1127,Woodstock,SP4400016000,51.840878,-1.362755,England,N/A
347,9,Mar,1127,9-3-1127,Woodstock,SP4400016000,51.840878,-1.362755,England,N/A
348,10,Mar,1127,10-3-1127,Woodstock,SP4400016000,51.840878,-1.362755,England,N/A
349,11,Mar,1127,11-3-1127,Woodstock,SP4400016000,51.840878,-1.362755,England,N/A
350,12,Mar,1127,12-3-1127,Woodstock,SP4400016000,51.840878,-1.362755,England,N/A
351,13,Mar,1127,13-3-1127,Woodstock,SP4400016000,51.840878,-1.362755,England,N/A
352,14,Mar,1127,14-3-1127,Woodstock,SP4400016000,51.840878,-1.362755,England,N/A
353,15,Mar,1127,15-3-1127,Woodstock,SP4400016000,51.840878,-1.362755,England,N/A
354,16,Mar,1127,16-3-1127,Woodstock,SP4400016000,51.840878,-1.362755,England,N/A
355,17,Mar,1127,17-3-1127,Woodstock,SP4400016000,51.840878,-1.362755,England,N/A
356,18,Mar,1127,18-3-1127,Woodstock,SP4400016000,51.840878,-1.362755,England,N/A
357,19,Mar,1127,19-3-1127,Woodstock,SP4400016000,51.840878,-1.362755,England,N/A
358,20,Mar,1127,20-3-1127,Woodstock,SP4400016000,51.840878,-1.362755,England,N/A
359,21,Mar,1127,21-3-1127,Woodstock,SP4400016000,51.840878,-1.362755,England,N/A
360,22,Mar,1127,22-3-1127,Woodstock,SP4400016000,51.840878,-1.362755,England,N/A
361,23,Mar,1127,23-3-1127,Woodstock,SP4400016000,51.840878,-1.362755,England,N/A
362,24,Mar,1127,24-3-1127,Woodstock,SP4400016000,51.840878,-1.362755,England,N/A
363,25,Mar,1127,25-3-1127,Woodstock,SP4400016000,51.840878,-1.362755,England,N/A
364,26,Mar,1127,26-3-1127,Woodstock,SP4400016000,51.840878,-1.362755,England,N/A
365,27,Mar,1127,27-3-1127,Woodstock,SP4400016000,51.840878,-1.362755,England,N/A
366,28,Mar,1127,28-3-1127,Woodstock,SP4400016000,51.840878,-1.362755,England,N/A
367,29,Mar,1127,29-3-1127,Woodstock,SP4400016000,51.840878,-1.362755,England,N/A
368,30,Mar,1127,30-3-1127,Woodstock,SP4400016000,51.840878,-1.362755,England,N/A
369,1,Apr,1127,1-4-1127,Woodstock,SP4400016000,51.840878,-1.362755,England,N/A
370,2,Apr,1127,2-4-1127,Woodstock,SP4400016000,51.840878,-1.362755,England,N/A
371,3,Apr,1127,3-4-1127,Woodstock,SP4400016000,51.840878,-1.362755,England,N/A
372,4,Apr,1127,4-4-1127,Woodstock,SP4400016000,51.840878,-1.362755,England,N/A
373,5,Apr,1127,5-4-1127,Woodstock,SP4400016000,51.840878,-1.362755,England,N/A
374,6,Apr,1127,6-4-1127,Woodstock,SP4400016000,51.840878,-1.362755,England,N/A
375,7,Apr,1127,7-4-1127,Woodstock,SP4400016000,51.840878,-1.362755,England,N/A
376,8,Apr,1127,8-4-1127,Woodstock,SP4400016000,51.840878,-1.362755,England,N/A
377,9,Apr,1127,9-4-1127,Woodstock,SP4400016000,51.840878,-1.362755,England,N/A
378,9,May,1127,9-5-1127,London,TQ3248081340,51.515457,-0.092140265,England,N/A
379,10,May,1127,10-5-1127,London,TQ3248081340,51.515457,-0.092140265,England,N/A
380,11,May,1127,11-5-1127,London,TQ3248081340,51.515457,-0.092140265,England,N/A
381,13,May,1127,13-5-1127,Westminster,TQ3016079670,51.500988,-0.12617168,England,N/A
382,14,May,1127,14-5-1127,Westminster,TQ3016079670,51.500988,-0.12617168,England,N/A
383,15,May,1127,15-5-1127,Westminster,TQ3016079670,51.500988,-0.12617168,England,N/A
384,16,May,1127,16-5-1127,Westminster,TQ3016079670,51.500988,-0.12617168,England,N/A
385,22,May,1127,22-5-1127,Winchester,SU4779329466,51.062549,-1.3193687,England,N/A
386,,Aug,1127,8-1127,Eling,SU5234774954,51.471136,-1.247745,England,N/A
387,26,Aug,1127,26-8-1127,Portsmouth,SU6441401094,50.805833,-1.087222,England,(crossing to Normandy)
388,,Nov,1128,11-1128,Rouen,,49.442778,1.088611,France,N/A
389,2,June,1129,2-6-1129,Falaise,,48.897222,-0.1975,France,N/A
390,15,July,1129,15-7-1129,Portsmouth,SU6441401094,50.805833,-1.087222,England,(return to England)
391,,Oct,1129,10-1129,Winchester,SU4779329466,51.062549,-1.3193687,England,N/A
392,25,Dec,1129,25-12-1129,Winchester,SU4779329466,51.062549,-1.3193687,England,N/A
393,30,Mar,1130,30-3-1130,Woodstock,SP4400016000,51.840878,-1.362755,England,N/A
394,4,May,1130,4-5-1130,Canterbury,TR1454057430,51.275608,1.0745524,England,N/A
395,8,May,1130,8-5-1130,Rochester,TQ7414268559,51.389355,0.50145239,England,N/A
396,18,May,1130,18-5-1130,Arundel,TQ0188707093,50.85439,-0.5539,England,N/A
397,,Aug-Sept,1130,1130,(Crossing to Normandy),,,,,
398,8,Sept,1130,8-9-1130,Bec,,49.2288,0.722,France,N/A
399,11,Sept,1130,11-9-1130,Rouen,,49.442778,1.088611,France,N/A
400,13,Jan,1131,13-1-1131,Chartres,,48.456,1.484,France,N/A
401,5,Feb,1131,5-2-1131,Rouen,,49.442778,1.088611,France,N/A
402,10,May,1131,10-5-1131,Rouen,,49.442778,1.088611,France,N/A
403,,July-Aug,1131,1131,Arques,,49.8817,1.1269,France,N/A
404,1,Aug,1131,1-8-1131,Dieppe,,49.92,1.08,France,"(return to England), Appears as ""p 1 Aug"""
405,8,Sept,1131,8-9-1131,Northampton,SP7549060562,52.238083,-0.89592755,England,N/A
406,25,Dec,1131,25-12-1131,Dunstable,TL0188821864,51.88603,-0.52102,England,N/A
407,10,Apr,1132,10-4-1132,Woodstock,SP4400016000,51.840878,-1.362755,England,N/A
408,29,Apr,1132,29-4-1132,London,TQ3248081340,51.515457,-0.092140265,England,N/A
409,25,Dec,1132,25-12-1132,Windsor,SU9683776912,51.482886,-0.60683638,England,N/A
410,8,Feb,1133,8-2-1133,London,TQ3248081340,51.515457,-0.092140265,England,N/A
411,26,Mar,1133,26-3-1133,Oxford,SP5130006100,51.751253,-1.2582674,England,N/A
412,30,Apr,1133,30-4-1133,Winchester,SU4779329466,51.062549,-1.3193687,England,N/A
413,1,May,1133,1-5-1133,Winchester,SU4779329466,51.062549,-1.3193687,England,N/A
414,2,May,1133,2-5-1133,Winchester,SU4779329466,51.062549,-1.3193687,England,N/A
415,3,May,1133,3-5-1133,Winchester,SU4779329466,51.062549,-1.3193687,England,N/A
416,,July,1133,7-1133,Fareham,SU5782205929,50.85,-1.18,England,N/A
417,,July,1133,7-1133,Westbourne,SZ0729791046,50.719,-1.898,England,N/A
418,2,Aug,1133,2-8-1133,(Crossing to Normandy),,,,,
419,,Sep,1134,9-1134,Verneuil,,48.7394,0.9286,France,N/A
420,,Aug-Oct,1134,Aug-Oct-1134,Sées,,48.6053,0.1719,France,N/A
421,,,1134,1134,Alençon,,48.4306,0.0931,France,N/A
422,,,1134,1134,Argentan,,48.75,-0.02,France,N/A
423,25,Nov,1135,25-11-1135,Lyons-la-Forét,,49.4003,1.4769,France,N/A
424,26,Nov,1135,26-11-1135,Lyons-la-Forét,,49.4003,1.4769,France,N/A
425,27,Nov,1135,27-11-1135,Lyons-la-Forét,,49.4003,1.4769,France,N/A
426,28,Nov,1135,28-11-1135,Lyons-la-Forét,,49.4003,1.4769,France,N/A
427,29,Nov,1135,29-11-1135,Lyons-la-Forét,,49.4003,1.4769,France,N/A
428,30,Nov,1135,30-11-1135,Lyons-la-Forét,,49.4003,1.4769,France,N/A
429,1,Dec,1135,1-12-1135,Lyons-la-Forét,,49.4003,1.4769,France,(Death)